alias cole Cole Cooney <j.cooney@anu.edu.au>
alias eds Eddie Aloise King <eddie.aloiseking@anu.edu.au>
alias matt Matt Holt <matthew.holt@anu.edu.au>
alias kd Katherine Daniell <katherine.daniell@anu.edu.au>
alias jess Jess Herrington <jessica.herrington@anu.edu.au>
alias group Jess Herrington <jessica.herrington@anu.edu.au>, Lachlan Braithwaite <u7485497@anu.edu.au>, John Atkins <u7447182@anu.edu.au>, Jiangfan Li <Jiangfan.Li@anu.edu.au>
alias phd SOCY PhD Students <phd.cybernetics@anu.edu.au>
alias supervisors SOCY HDR Supervisors <HDRSupervisors.Cybernetics@lists.anu.edu.au>
alias adirh SOCY ADirHDR <adir.hdr.cybernetics@anu.edu.au>
alias adire SOCY ADirE <adire.cybernetics@anu.edu.au>
alias admin SOCY Admin <admin.cybernetics@anu.edu.au>
alias hdradmin SOCY HDR Admin <hdradmin.cybernetics@anu.edu.au>
alias servicedesk ANU Service Desk <servicedesk@anu.edu.au>
